<?xml version="1.0" encoding="UTF-8"?>
<project-private xmlns="http://www.netbeans.org/ns/project-private/1">
    <editor-bookmarks xmlns="http://www.netbeans.org/ns/editor-bookmarks/2" lastBookmarkId="0"/>
    <open-files xmlns="http://www.netbeans.org/ns/projectui-open-files/2">
        <group>
            <file>file:/C:/Users/Asus/Documents/Neatbeans%20Projek%20Alfi/MyWebsite/web/about_page.jsp</file>
            <file>file:/C:/Users/Asus/Documents/Neatbeans%20Projek%20Alfi/MyWebsite/src/java/Servlet/IndexServlet.java</file>
            <file>file:/C:/Users/Asus/Documents/Neatbeans%20Projek%20Alfi/MyWebsite/web/index.jsp</file>
        </group>
    </open-files>
</project-private>
